{
   "source":{
      "type":"external",
      "server":"10.164.178.7",
      "protocol":"ssh",
      "iconImage":"icons/push.png"
   },
   "nodes":{
      "source":{
         "name":"jde",
         "labels":[
            {
               "name":"Site",
               "value":"Site Name Value"
            },
            {
               "name":"Folder",
               "value":"/DTS_DESC_BPMFile"
            },
            {
               "name":"Size",
               "value":"19.30kb"
            },
            {
               "name":"Date Time",
               "value":"Today 12:45pm"
            }
         ],
         "button":{
            "backgroundColor":"#00FF00",
            "text":"Resubmit",
            "url":"/my-resubmit-url"
         },
         "icon":{
            "backgroundColor":"#00FF00",
            "icon":"icons/success-icon.png"
         }
      }
   }
}